timestamp,symbol,price
2025-10-16T20:19:38.138535,META,714.48
2025-10-16T20:19:38.149128,META,710.22
2025-10-16T20:19:38.159706,META,706.21
2025-10-16T20:19:38.170070,META,704.66
2025-10-16T20:19:38.180754,META,699.35
2025-10-16T20:19:38.191297,META,705.71
2025-10-16T20:19:38.201804,META,707.86
2025-10-16T20:19:38.212451,META,703.02
2025-10-16T20:19:38.223673,META,697.23
2025-10-16T20:19:38.234379,META,699.87
2025-10-16T20:19:38.245066,META,696.09
2025-10-16T20:19:38.255497,META,687.08
2025-10-16T20:19:38.266222,META,697.63
2025-10-16T20:19:38.277031,META,689.3
2025-10-16T20:19:38.287548,META,693.28
2025-10-16T20:19:38.297737,META,691.2
2025-10-16T20:19:38.308148,META,685.19
2025-10-16T20:19:38.319450,META,678.46
2025-10-16T20:19:38.331188,META,679.19
2025-10-16T20:19:38.342295,META,673.62
2025-10-16T20:19:38.352636,META,670.05
2025-10-16T20:19:38.363324,META,670.16
2025-10-16T20:19:38.374939,META,660.49
2025-10-16T20:19:38.386990,META,660.52
2025-10-16T20:19:38.397687,META,672.78
2025-10-16T20:19:38.408964,META,678.91
2025-10-16T20:19:38.419708,META,680.35
2025-10-16T20:19:38.431528,META,673.95
2025-10-16T20:19:38.442673,META,667.88
2025-10-16T20:19:38.453379,META,666.8
2025-10-16T20:19:38.464071,META,673.21
2025-10-16T20:19:38.475281,META,666.28
2025-10-16T20:19:38.486480,META,652.47
2025-10-16T20:19:38.496959,META,656.41
2025-10-16T20:19:38.509446,META,664.15
2025-10-16T20:19:38.519658,META,673.76
2025-10-16T20:19:38.531184,META,673.6
2025-10-16T20:19:38.541341,META,677.16
2025-10-16T20:19:38.552490,META,687.11
2025-10-16T20:19:38.563979,META,703.43
2025-10-16T20:19:38.575271,META,705.32
2025-10-16T20:19:38.586703,META,701.14
2025-10-16T20:19:38.598122,META,705.47
2025-10-16T20:19:38.609314,META,705.53
2025-10-16T20:19:38.619949,META,707.13
2025-10-16T20:19:38.631080,META,718.29
2025-10-16T20:19:38.642271,META,723.56
2025-10-16T20:19:38.652485,META,722.99
2025-10-16T20:19:38.663873,META,711.44
2025-10-16T20:19:38.674499,META,709.59
2025-10-16T20:19:38.686964,META,716.84
2025-10-16T20:19:38.697345,META,707.08
2025-10-16T20:19:38.709798,META,709.2
2025-10-16T20:19:38.720086,META,717.11
2025-10-16T20:19:38.731177,META,714.95
2025-10-16T20:19:38.741481,META,705.89
2025-10-16T20:19:38.752807,META,707.21
2025-10-16T20:19:38.764532,META,688.69
2025-10-16T20:19:38.775106,META,685.21
2025-10-16T20:19:38.785825,META,698.63
2025-10-16T20:19:38.797738,META,702.09
2025-10-16T20:19:38.808475,META,716.98
2025-10-16T20:19:38.820506,META,725.12
2025-10-16T20:19:38.831478,META,738.95
2025-10-16T20:19:38.842458,META,736.94
2025-10-16T20:19:38.852606,META,732.35
2025-10-16T20:19:38.863933,META,738.18
2025-10-16T20:19:38.875486,META,747.27
2025-10-16T20:19:38.886741,META,743.6
2025-10-16T20:19:38.897236,META,743.66
2025-10-16T20:19:38.908395,META,750.19
2025-10-16T20:19:38.919125,META,749.33
2025-10-16T20:19:38.931987,META,744.99
2025-10-16T20:19:38.942377,META,745.01
2025-10-16T20:19:38.952900,META,746.23
2025-10-16T20:19:38.963802,META,748.3
2025-10-16T20:19:38.974308,META,751.27
2025-10-16T20:19:38.986607,META,754.35
2025-10-16T20:19:38.998028,META,746.37
2025-10-16T20:19:39.009214,META,745.28
2025-10-16T20:19:39.019940,META,753.54
2025-10-16T20:19:39.032078,META,751.2
2025-10-16T20:19:39.042558,META,756.53
2025-10-16T20:19:39.052781,META,758.72
2025-10-16T20:19:39.064065,META,759.15
2025-10-16T20:19:39.075671,META,753.89
2025-10-16T20:19:39.087201,META,765.68
2025-10-16T20:19:39.098133,META,777.87
2025-10-16T20:19:39.109348,META,778.65
2025-10-16T20:19:39.120203,META,773.61
2025-10-16T20:19:39.131154,META,767.37
2025-10-16T20:19:39.142635,META,765.33
2025-10-16T20:19:39.155078,META,750.09
2025-10-16T20:19:39.166038,META,746.75
2025-10-16T20:19:39.178233,META,751.61
2025-10-16T20:19:39.189147,META,752.9
2025-10-16T20:19:39.200704,META,749.3
2025-10-16T20:19:39.211342,META,745.37
2025-10-16T20:19:39.222074,META,742.18
2025-10-16T20:19:39.232586,META,742.15
2025-10-16T20:19:39.243521,META,741.07
2025-10-16T20:19:39.255053,META,747.83
2025-10-16T20:19:39.265388,META,760.1
2025-10-16T20:19:39.276124,META,764.94
2025-10-16T20:19:39.287515,META,760.29
2025-10-16T20:19:39.298993,META,760.11
2025-10-16T20:19:39.309428,META,757.56
2025-10-16T20:19:39.320161,META,763.95
2025-10-16T20:19:39.331025,META,744.21
2025-10-16T20:19:39.342538,META,750.51
2025-10-16T20:19:39.353366,META,751.12
2025-10-16T20:19:39.365508,META,761.58
2025-10-16T20:19:39.376180,META,757.13
2025-10-16T20:19:39.386506,META,762.49
2025-10-16T20:19:39.397773,META,767.9
2025-10-16T20:19:39.408806,META,777.15
2025-10-16T20:19:39.420478,META,770.11
2025-10-16T20:19:39.431073,META,773.12
2025-10-16T20:19:39.441896,META,772.41
2025-10-16T20:19:39.453903,META,770.57
2025-10-16T20:19:39.464879,META,769.94
2025-10-16T20:19:39.475619,META,776.05
2025-10-16T20:19:39.487066,META,774.92
2025-10-16T20:19:39.498071,META,789.4
2025-10-16T20:19:39.508829,META,795.31
2025-10-16T20:19:39.519578,META,799.98
2025-10-16T20:19:39.531896,META,792.3
2025-10-16T20:19:39.542378,META,790.86
2025-10-16T20:19:39.553149,META,782.82
2025-10-16T20:19:39.563753,META,769.06
2025-10-16T20:19:39.575552,META,772.75
2025-10-16T20:19:39.587065,META,772.38
2025-10-16T20:19:39.598177,META,771.28
2025-10-16T20:19:39.608835,META,776.64
2025-10-16T20:19:39.619380,META,758.56
2025-10-16T20:19:39.630892,META,769.28
2025-10-16T20:19:39.642241,META,763.99
2025-10-16T20:19:39.653635,META,759.57
2025-10-16T20:19:39.663970,META,767.09
2025-10-16T20:19:39.675208,META,771.52
2025-10-16T20:19:39.686874,META,768.66
2025-10-16T20:19:39.698916,META,767.03
2025-10-16T20:19:39.709177,META,775.75
2025-10-16T20:19:39.719930,META,769.85
2025-10-16T20:19:39.730516,META,768.85
2025-10-16T20:19:39.741716,META,767.08
2025-10-16T20:19:39.752361,META,753.66
2025-10-16T20:19:39.763496,META,762.83
2025-10-16T20:19:39.775586,META,747.48
2025-10-16T20:19:39.786115,META,753.67
2025-10-16T20:19:39.798656,META,749.76
2025-10-16T20:19:39.808990,META,757.23
2025-10-16T20:19:39.819863,META,754.09
2025-10-16T20:19:39.830881,META,760.82
2025-10-16T20:19:39.841699,META,757.9
2025-10-16T20:19:39.854234,META,750.88
2025-10-16T20:19:39.865248,META,755.27
2025-10-16T20:19:39.875836,META,760.21
2025-10-16T20:19:39.886566,META,758.05
2025-10-16T20:19:39.896835,META,750.71
2025-10-16T20:19:39.909918,META,749.81
2025-10-16T20:19:39.920498,META,746.86
2025-10-16T20:19:39.931067,META,743.22
2025-10-16T20:19:39.941701,META,747.11
2025-10-16T20:19:39.953468,META,740.91
2025-10-16T20:19:39.964506,META,740.57
2025-10-16T20:19:39.975680,META,734.91
2025-10-16T20:19:39.986683,META,729.52
2025-10-16T20:19:39.998509,META,728.51
2025-10-16T20:19:40.009021,META,720.93
2025-10-16T20:19:40.023204,META,718.6
2025-10-16T20:19:40.033882,META,729.73
2025-10-16T20:19:40.044069,META,738.11
2025-10-16T20:19:40.054649,META,730.55
2025-10-16T20:19:40.065387,META,743.59
2025-10-16T20:19:40.076274,META,749.37
2025-10-16T20:19:40.088140,META,751.0
2025-10-16T20:19:40.099232,META,742.51
2025-10-16T20:19:40.110297,META,740.32
2025-10-16T20:19:40.121862,META,736.06
2025-10-16T20:19:40.132381,META,741.02
2025-10-16T20:19:40.143736,META,756.0
2025-10-16T20:19:40.154332,META,754.84
2025-10-16T20:19:40.165220,META,751.54
2025-10-16T20:19:40.175905,META,748.43
2025-10-16T20:19:40.187170,META,748.72
2025-10-16T20:19:40.199202,META,734.38
2025-10-16T20:19:40.209794,META,743.79
2025-10-16T20:19:40.220305,META,742.47
2025-10-16T20:19:40.230939,META,748.96
2025-10-16T20:19:40.242621,META,764.02
2025-10-16T20:19:40.253819,META,770.97
2025-10-16T20:19:40.266560,META,771.15
2025-10-16T20:19:40.277118,META,785.38
2025-10-16T20:19:40.288046,META,791.99
2025-10-16T20:19:40.298833,META,786.61
2025-10-16T20:19:40.309328,META,777.37
2025-10-16T20:19:40.319968,META,766.01
2025-10-16T20:19:40.332690,META,766.39
2025-10-16T20:19:40.343629,META,771.05
2025-10-16T20:19:40.354048,META,777.85
2025-10-16T20:19:40.367138,META,767.33
2025-10-16T20:19:40.377675,META,766.4
2025-10-16T20:19:40.388318,META,760.76
2025-10-16T20:19:40.398779,META,761.66
2025-10-16T20:19:40.409322,META,775.37
2025-10-16T20:19:40.420231,META,766.82
2025-10-16T20:19:40.430908,META,770.83
2025-10-16T20:19:40.443278,META,770.26
2025-10-16T20:19:40.453979,META,781.26
2025-10-16T20:19:40.464607,META,769.13
2025-10-16T20:19:40.477062,META,766.67
2025-10-16T20:19:40.487668,META,765.78
2025-10-16T20:19:40.498983,META,760.22
2025-10-16T20:19:40.509986,META,758.61
2025-10-16T20:19:40.520769,META,772.51
2025-10-16T20:19:40.531896,META,771.59
2025-10-16T20:19:40.542341,META,761.03
2025-10-16T20:19:40.553229,META,748.89
2025-10-16T20:19:40.564369,META,754.49
2025-10-16T20:19:40.576034,META,750.87
2025-10-16T20:19:40.589216,META,754.99
2025-10-16T20:19:40.599794,META,752.48
2025-10-16T20:19:40.610150,META,751.3
2025-10-16T20:19:40.621710,META,758.48
2025-10-16T20:19:40.631937,META,752.14
2025-10-16T20:19:40.642567,META,756.03
2025-10-16T20:19:40.653173,META,770.4
2025-10-16T20:19:40.664008,META,760.92
2025-10-16T20:19:40.675393,META,766.8
2025-10-16T20:19:40.686453,META,771.21
2025-10-16T20:19:40.699104,META,768.83
2025-10-16T20:19:40.711478,META,785.59
2025-10-16T20:19:40.721923,META,804.03
2025-10-16T20:19:40.732560,META,795.56
2025-10-16T20:19:40.743583,META,789.16
2025-10-16T20:19:40.755338,META,781.02
2025-10-16T20:19:40.767507,META,776.47
2025-10-16T20:19:40.777855,META,778.58
2025-10-16T20:19:40.788391,META,776.39
2025-10-16T20:19:40.799165,META,774.41
2025-10-16T20:19:40.809733,META,795.53
2025-10-16T20:19:40.821124,META,796.96
2025-10-16T20:19:40.831722,META,806.0
2025-10-16T20:19:40.842409,META,807.84
2025-10-16T20:19:40.853245,META,801.79
2025-10-16T20:19:40.863651,META,795.1
2025-10-16T20:19:40.876134,META,798.36
2025-10-16T20:19:40.886580,META,803.18
2025-10-16T20:19:40.897249,META,804.27
2025-10-16T20:19:40.907952,META,804.45
2025-10-16T20:19:40.919151,META,802.18
2025-10-16T20:19:40.986469,META,809.68
2025-10-16T20:19:40.996716,META,808.08
2025-10-16T20:19:41.007428,META,819.76
2025-10-16T20:19:41.032019,META,824.35
2025-10-16T20:19:41.042209,META,831.7
2025-10-16T20:19:41.052783,META,825.8
2025-10-16T20:19:41.064781,META,826.18
2025-10-16T20:19:41.075187,META,829.15
2025-10-16T20:19:41.087313,META,817.76
2025-10-16T20:19:41.097817,META,828.73
2025-10-16T20:19:41.109119,META,835.49
2025-10-16T20:19:41.119494,META,838.17
2025-10-16T20:19:41.168380,META,844.74
2025-10-16T20:19:41.178942,META,847.14
2025-10-16T20:19:41.193919,META,832.82
2025-10-16T20:19:41.204397,META,832.55
2025-10-16T20:19:41.214515,META,818.18
2025-10-16T20:19:41.225172,META,821.31
2025-10-16T20:19:41.235659,META,813.68
2025-10-16T20:19:41.246352,META,802.33
2025-10-16T20:19:41.256747,META,817.26
2025-10-16T20:19:41.267152,META,821.3
2025-10-16T20:19:41.277883,META,825.43
2025-10-16T20:19:41.288373,META,821.98
2025-10-16T20:19:41.298658,META,809.42
2025-10-16T20:19:41.309220,META,811.37
2025-10-16T20:19:41.320294,META,800.57
2025-10-16T20:19:41.330856,META,792.21
2025-10-16T20:19:41.341739,META,787.41
2025-10-16T20:19:41.352438,META,779.97
2025-10-16T20:19:41.363906,META,775.34
2025-10-16T20:19:41.374728,META,777.72
2025-10-16T20:19:41.385897,META,778.55
2025-10-16T20:19:41.396377,META,777.01
2025-10-16T20:19:41.407458,META,778.46
2025-10-16T20:19:41.418755,META,773.23
2025-10-16T20:19:41.429491,META,780.9
2025-10-16T20:19:41.440275,META,778.06
2025-10-16T20:19:41.450985,META,786.92
2025-10-16T20:19:41.461348,META,788.6
2025-10-16T20:19:41.472233,META,774.42
2025-10-16T20:19:41.482697,META,769.01
2025-10-16T20:19:41.493061,META,772.67
2025-10-16T20:19:41.503542,META,768.9
2025-10-16T20:19:41.514290,META,767.43
2025-10-16T20:19:41.526088,META,763.41
2025-10-16T20:19:41.536500,META,764.65
2025-10-16T20:19:41.547142,META,773.26
2025-10-16T20:19:41.557565,META,776.92
2025-10-16T20:19:41.567991,META,773.29
2025-10-16T20:19:41.578422,META,765.8
2025-10-16T20:19:41.588989,META,771.59
2025-10-16T20:19:41.600135,META,770.5
2025-10-16T20:19:41.610296,META,763.46
2025-10-16T20:19:41.620701,META,770.54
2025-10-16T20:19:41.631294,META,767.11
2025-10-16T20:19:41.642087,META,772.25
2025-10-16T20:19:41.652699,META,778.82
2025-10-16T20:19:41.663137,META,781.77
2025-10-16T20:19:41.674526,META,782.32
2025-10-16T20:19:41.727726,META,777.2
2025-10-16T20:19:41.747091,META,792.42
2025-10-16T20:19:41.757756,META,787.14
2025-10-16T20:19:41.768189,META,792.42
2025-10-16T20:19:41.778685,META,784.23
2025-10-16T20:19:41.788841,META,782.13
2025-10-16T20:19:41.799298,META,792.97
2025-10-16T20:19:41.809470,META,788.81
2025-10-16T20:19:41.820472,META,789.31
2025-10-16T20:19:41.831457,META,783.45
2025-10-16T20:19:41.841889,META,786.92
2025-10-16T20:19:41.852622,META,776.78
2025-10-16T20:19:41.863611,META,774.4
2025-10-16T20:19:41.874993,META,775.5
2025-10-16T20:19:41.886921,META,781.32
2025-10-16T20:19:41.899314,META,782.9
2025-10-16T20:19:41.910026,META,785.3
2025-10-16T20:19:41.920516,META,789.63
2025-10-16T20:19:41.931424,META,796.73
2025-10-16T20:19:41.942103,META,806.72
2025-10-16T20:19:41.953852,META,812.25
2025-10-16T20:19:41.965402,META,809.97
2025-10-16T20:19:41.976016,META,811.44
2025-10-16T20:19:41.986555,META,816.4
2025-10-16T20:19:41.999114,META,827.62
2025-10-16T20:19:42.009912,META,824.47
2025-10-16T20:19:42.076784,META,829.78
2025-10-16T20:19:42.089080,META,830.5
2025-10-16T20:19:42.099346,META,851.56
2025-10-16T20:19:42.112201,META,844.89
2025-10-16T20:19:42.122810,META,853.82
2025-10-16T20:19:42.133296,META,862.92
2025-10-16T20:19:42.143833,META,868.99
2025-10-16T20:19:42.154313,META,861.8
2025-10-16T20:19:42.164598,META,875.34
2025-10-16T20:19:42.175260,META,879.84
2025-10-16T20:19:42.185784,META,890.35
2025-10-16T20:19:42.197631,META,886.35
2025-10-16T20:19:42.236801,META,883.53
2025-10-16T20:19:42.249620,META,871.9
2025-10-16T20:19:42.259845,META,885.24
2025-10-16T20:19:42.271910,META,881.41
2025-10-16T20:19:42.282555,META,897.95
2025-10-16T20:19:42.293212,META,903.49
2025-10-16T20:19:42.303447,META,892.77
2025-10-16T20:19:42.328067,META,896.74
2025-10-16T20:19:42.339937,META,894.87
2025-10-16T20:19:42.350410,META,894.82
2025-10-16T20:19:42.361313,META,890.6
2025-10-16T20:19:42.372089,META,873.28
2025-10-16T20:19:42.382752,META,870.06
2025-10-16T20:19:42.393060,META,874.16
2025-10-16T20:19:42.403291,META,873.25
2025-10-16T20:19:42.414110,META,885.14
2025-10-16T20:19:42.425007,META,892.89
2025-10-16T20:19:42.435434,META,892.42
2025-10-16T20:19:42.445854,META,875.17
2025-10-16T20:19:42.456349,META,873.86
2025-10-16T20:19:42.467101,META,868.78
2025-10-16T20:19:42.477706,META,867.62
2025-10-16T20:19:42.488281,META,867.81
2025-10-16T20:19:42.498767,META,866.56
2025-10-16T20:19:42.509375,META,893.12
2025-10-16T20:19:42.520178,META,889.58
2025-10-16T20:19:42.531511,META,879.16
2025-10-16T20:19:42.543133,META,875.73
2025-10-16T20:19:42.554349,META,874.46
2025-10-16T20:19:42.565335,META,869.82
2025-10-16T20:19:42.575779,META,867.73
2025-10-16T20:19:42.586931,META,876.21
2025-10-16T20:19:42.601068,META,888.78
2025-10-16T20:19:42.612088,META,883.8
2025-10-16T20:19:42.622212,META,873.21
2025-10-16T20:19:42.635263,META,863.08
2025-10-16T20:19:42.646138,META,862.23
2025-10-16T20:19:42.656608,META,858.04
2025-10-16T20:19:42.668317,META,868.55
2025-10-16T20:19:42.678905,META,882.29
2025-10-16T20:19:42.689593,META,896.88
2025-10-16T20:19:42.700272,META,911.44
2025-10-16T20:19:42.710920,META,921.18
2025-10-16T20:19:42.721684,META,912.12
2025-10-16T20:19:42.732031,META,911.21
2025-10-16T20:19:42.743647,META,920.56
2025-10-16T20:19:42.754239,META,933.61
2025-10-16T20:19:42.765730,META,955.57
2025-10-16T20:19:42.775983,META,961.6
2025-10-16T20:19:42.786727,META,963.87
2025-10-16T20:19:42.800950,META,938.14
2025-10-16T20:19:42.811529,META,943.13
2025-10-16T20:19:42.822837,META,935.03
2025-10-16T20:19:42.833734,META,921.47
2025-10-16T20:19:42.843951,META,911.53
2025-10-16T20:19:42.854634,META,914.78
2025-10-16T20:19:42.866841,META,904.26
2025-10-16T20:19:42.877373,META,901.62
2025-10-16T20:19:42.888718,META,893.21
2025-10-16T20:19:42.899443,META,896.87
2025-10-16T20:19:42.912433,META,909.27
2025-10-16T20:19:42.922905,META,896.29
2025-10-16T20:19:42.933535,META,887.63
2025-10-16T20:19:42.943954,META,886.04
2025-10-16T20:19:42.954489,META,879.95
2025-10-16T20:19:42.966936,META,868.72
2025-10-16T20:19:42.977432,META,869.11
2025-10-16T20:19:42.987819,META,866.94
2025-10-16T20:19:42.998198,META,860.2
2025-10-16T20:19:43.009026,META,855.36
2025-10-16T20:19:43.019859,META,860.52
2025-10-16T20:19:43.031017,META,864.96
2025-10-16T20:19:43.042191,META,871.89
2025-10-16T20:19:43.053052,META,887.37
2025-10-16T20:19:43.063886,META,883.27
2025-10-16T20:19:43.076019,META,880.44
2025-10-16T20:19:43.087095,META,881.47
2025-10-16T20:19:43.097607,META,882.88
2025-10-16T20:19:43.109464,META,880.62
2025-10-16T20:19:43.120609,META,893.91
2025-10-16T20:19:43.132394,META,887.8
2025-10-16T20:19:43.143042,META,888.86
2025-10-16T20:19:43.153496,META,892.63
2025-10-16T20:19:43.164787,META,893.11
2025-10-16T20:19:43.176036,META,905.97
2025-10-16T20:19:43.186378,META,910.67
2025-10-16T20:19:43.198350,META,927.58
2025-10-16T20:19:43.209146,META,918.25
2025-10-16T20:19:43.220094,META,927.71
2025-10-16T20:19:43.230690,META,941.11
2025-10-16T20:19:43.241923,META,924.56
2025-10-16T20:19:43.253481,META,914.21
2025-10-16T20:19:43.264286,META,904.0
2025-10-16T20:19:43.275775,META,900.05
2025-10-16T20:19:43.286299,META,893.93
2025-10-16T20:19:43.298364,META,895.08
2025-10-16T20:19:43.309064,META,882.3
2025-10-16T20:19:43.319660,META,864.4
2025-10-16T20:19:43.331338,META,844.48
2025-10-16T20:19:43.342264,META,840.64
2025-10-16T20:19:43.353024,META,839.52
2025-10-16T20:19:43.365623,META,833.62
2025-10-16T20:19:43.376180,META,832.97
2025-10-16T20:19:43.386944,META,833.47
2025-10-16T20:19:43.398114,META,828.11
2025-10-16T20:19:43.408806,META,822.16
2025-10-16T20:19:43.420617,META,820.49
2025-10-16T20:19:43.432169,META,817.66
2025-10-16T20:19:43.442668,META,818.3
2025-10-16T20:19:43.453721,META,826.06
2025-10-16T20:19:43.464309,META,830.39
2025-10-16T20:19:43.476203,META,828.72
2025-10-16T20:19:43.486519,META,826.12
2025-10-16T20:19:43.497388,META,827.48
2025-10-16T20:19:43.508228,META,828.17
2025-10-16T20:19:43.520130,META,843.13
2025-10-16T20:19:43.532650,META,845.42
2025-10-16T20:19:43.543253,META,845.54
2025-10-16T20:19:43.553928,META,844.62
2025-10-16T20:19:43.564613,META,839.08
2025-10-16T20:19:43.575441,META,853.27
2025-10-16T20:19:43.588398,META,852.71
2025-10-16T20:19:43.598588,META,859.39
2025-10-16T20:19:43.608816,META,853.26
2025-10-16T20:19:43.620020,META,861.11
2025-10-16T20:19:43.631285,META,861.56
2025-10-16T20:19:43.642102,META,857.04
2025-10-16T20:19:43.652940,META,863.67
2025-10-16T20:19:43.664515,META,857.88
2025-10-16T20:19:43.675971,META,876.13
2025-10-16T20:19:43.686802,META,887.45
2025-10-16T20:19:43.698248,META,879.1
2025-10-16T20:19:43.709647,META,858.45
2025-10-16T20:19:43.720342,META,863.15
2025-10-16T20:19:43.731039,META,868.05
2025-10-16T20:19:43.741771,META,878.93
2025-10-16T20:19:43.753437,META,874.15
2025-10-16T20:19:43.765011,META,885.39
2025-10-16T20:19:43.775528,META,875.31
2025-10-16T20:19:43.787261,META,867.27
2025-10-16T20:19:43.798115,META,876.72
2025-10-16T20:19:43.809368,META,875.66
2025-10-16T20:19:43.820312,META,878.16
2025-10-16T20:19:43.831223,META,889.09
2025-10-16T20:19:43.842033,META,895.3
2025-10-16T20:19:43.853348,META,886.59
2025-10-16T20:19:43.864854,META,874.19
2025-10-16T20:19:43.876170,META,873.69
2025-10-16T20:19:43.887232,META,865.9
2025-10-16T20:19:43.897626,META,857.88
2025-10-16T20:19:43.909295,META,870.36
2025-10-16T20:19:43.919954,META,863.18
2025-10-16T20:19:43.930668,META,866.11
2025-10-16T20:19:43.942552,META,870.89
2025-10-16T20:19:43.953644,META,874.86
2025-10-16T20:19:43.964678,META,878.4
2025-10-16T20:19:43.975570,META,862.79
2025-10-16T20:19:43.986639,META,872.82
2025-10-16T20:19:43.997776,META,875.79
2025-10-16T20:19:44.009310,META,878.95
2025-10-16T20:19:44.019969,META,878.62
2025-10-16T20:19:44.032491,META,876.58
2025-10-16T20:19:44.042826,META,876.61
2025-10-16T20:19:44.053288,META,878.45
2025-10-16T20:19:44.064300,META,874.05
2025-10-16T20:19:44.074802,META,874.93
2025-10-16T20:19:44.086011,META,864.04
2025-10-16T20:19:44.096879,META,841.92
2025-10-16T20:19:44.107712,META,842.14
2025-10-16T20:19:44.119628,META,823.3
2025-10-16T20:19:44.130205,META,843.42
2025-10-16T20:19:44.142332,META,854.23
2025-10-16T20:19:44.152877,META,858.2
2025-10-16T20:19:44.164404,META,854.1
2025-10-16T20:19:44.174798,META,864.61
2025-10-16T20:19:44.186241,META,868.48
2025-10-16T20:19:44.198073,META,856.84
2025-10-16T20:19:44.208668,META,855.51
2025-10-16T20:19:44.219167,META,853.93
2025-10-16T20:19:44.231545,META,857.25
2025-10-16T20:19:44.242319,META,866.29
2025-10-16T20:19:44.252968,META,859.0
2025-10-16T20:19:44.263615,META,865.92
2025-10-16T20:19:44.275946,META,852.63
2025-10-16T20:19:44.286999,META,855.26
2025-10-16T20:19:44.297235,META,853.23
2025-10-16T20:19:44.308027,META,852.6
2025-10-16T20:19:44.318821,META,864.83
2025-10-16T20:19:44.330428,META,857.31
2025-10-16T20:19:44.341087,META,852.46
2025-10-16T20:19:44.352774,META,850.02
2025-10-16T20:19:44.363789,META,845.48
2025-10-16T20:19:44.374706,META,842.11
2025-10-16T20:19:44.385359,META,840.08
2025-10-16T20:19:44.396021,META,857.23
2025-10-16T20:19:44.407240,META,856.11
2025-10-16T20:19:44.418696,META,864.71
2025-10-16T20:19:44.429845,META,868.41
2025-10-16T20:19:44.441056,META,873.51
2025-10-16T20:19:44.451884,META,866.71
2025-10-16T20:19:44.497771,META,866.62
2025-10-16T20:19:44.509034,META,857.89
2025-10-16T20:19:44.519695,META,856.09
2025-10-16T20:19:44.530632,META,860.75
2025-10-16T20:19:44.543108,META,856.05
2025-10-16T20:19:44.553303,META,856.37
2025-10-16T20:19:44.563709,META,839.32
2025-10-16T20:19:44.574714,META,843.45
2025-10-16T20:19:44.586086,META,852.07
2025-10-16T20:19:44.596724,META,848.62
2025-10-16T20:19:44.607206,META,842.24
2025-10-16T20:19:44.620947,META,839.53
2025-10-16T20:19:44.631344,META,840.84
2025-10-16T20:19:44.641637,META,847.45
2025-10-16T20:19:44.652584,META,841.62
2025-10-16T20:19:44.663318,META,838.85
2025-10-16T20:19:44.674302,META,826.19
2025-10-16T20:19:44.686091,META,833.8
2025-10-16T20:19:44.697474,META,840.4
2025-10-16T20:19:44.708590,META,841.56
2025-10-16T20:19:44.719749,META,851.91
2025-10-16T20:19:44.731496,META,840.76
2025-10-16T20:19:44.742085,META,853.78
2025-10-16T20:19:44.752447,META,843.19
2025-10-16T20:19:44.763899,META,844.47
2025-10-16T20:19:44.774365,META,835.57
2025-10-16T20:19:44.786063,META,849.14
2025-10-16T20:19:44.799559,META,867.22
2025-10-16T20:19:44.810177,META,870.95
2025-10-16T20:19:44.820678,META,874.12
2025-10-16T20:19:44.831755,META,888.99
2025-10-16T20:19:44.843146,META,891.63
2025-10-16T20:19:44.853594,META,899.48
2025-10-16T20:19:44.865502,META,903.29
2025-10-16T20:19:44.875812,META,895.1
2025-10-16T20:19:44.886319,META,891.09
2025-10-16T20:19:44.897051,META,884.42
2025-10-16T20:19:44.909211,META,876.85
2025-10-16T20:19:44.919953,META,869.64
2025-10-16T20:19:44.930472,META,855.41
2025-10-16T20:19:44.942973,META,855.7
2025-10-16T20:19:44.954964,META,861.97
2025-10-16T20:19:44.965574,META,865.23
2025-10-16T20:19:44.975835,META,869.55
2025-10-16T20:19:44.986112,META,851.28
2025-10-16T20:19:44.997481,META,854.79
2025-10-16T20:19:45.008863,META,839.12
2025-10-16T20:19:45.019747,META,844.66
2025-10-16T20:19:45.031201,META,850.45
2025-10-16T20:19:45.042093,META,852.76
2025-10-16T20:19:45.053294,META,871.03
2025-10-16T20:19:45.066544,META,882.35
2025-10-16T20:19:45.076888,META,877.08
2025-10-16T20:19:45.087136,META,887.82
2025-10-16T20:19:45.097383,META,893.36
2025-10-16T20:19:45.108684,META,908.1
2025-10-16T20:19:45.119943,META,921.53
2025-10-16T20:19:45.130539,META,910.43
2025-10-16T20:19:45.142524,META,901.23
2025-10-16T20:19:45.153628,META,898.21
2025-10-16T20:19:45.164382,META,881.65
2025-10-16T20:19:45.176341,META,884.77
2025-10-16T20:19:45.186888,META,896.24
2025-10-16T20:19:45.197285,META,885.02
2025-10-16T20:19:45.208791,META,894.84
2025-10-16T20:19:45.219512,META,884.1
2025-10-16T20:19:45.231327,META,853.02
2025-10-16T20:19:45.241670,META,838.36
2025-10-16T20:19:45.252732,META,840.95
2025-10-16T20:19:45.263833,META,835.64
2025-10-16T20:19:45.274258,META,826.23
2025-10-16T20:19:45.286959,META,823.66
2025-10-16T20:19:45.297451,META,827.52
2025-10-16T20:19:45.308065,META,815.77
2025-10-16T20:19:45.318789,META,811.32
2025-10-16T20:19:45.329355,META,812.33
2025-10-16T20:19:45.341165,META,809.78
2025-10-16T20:19:45.353108,META,810.29
2025-10-16T20:19:45.364102,META,816.44
2025-10-16T20:19:45.375388,META,813.12
2025-10-16T20:19:45.386078,META,804.11
2025-10-16T20:19:45.398091,META,804.98
2025-10-16T20:19:45.408492,META,809.86
2025-10-16T20:19:45.420093,META,813.83
2025-10-16T20:19:45.430508,META,817.28
2025-10-16T20:19:45.441367,META,813.13
2025-10-16T20:19:45.451995,META,816.26
2025-10-16T20:19:45.464222,META,813.94
2025-10-16T20:19:45.474478,META,811.34
2025-10-16T20:19:45.485861,META,796.55
2025-10-16T20:19:45.496920,META,802.03
2025-10-16T20:19:45.508988,META,792.69
2025-10-16T20:19:45.520265,META,777.51
2025-10-16T20:19:45.547347,META,764.97
2025-10-16T20:19:45.557595,META,764.08
2025-10-16T20:19:45.567851,META,770.65
2025-10-16T20:19:45.578928,META,758.3
2025-10-16T20:19:45.589471,META,762.83
2025-10-16T20:19:45.600494,META,756.12
2025-10-16T20:19:45.610968,META,761.11
2025-10-16T20:19:45.621759,META,768.98
2025-10-16T20:19:45.634677,META,769.34
2025-10-16T20:19:45.645300,META,762.08
2025-10-16T20:19:45.655400,META,761.69
2025-10-16T20:19:45.665554,META,769.63
2025-10-16T20:19:45.676021,META,775.96
2025-10-16T20:19:45.686590,META,769.36
2025-10-16T20:19:45.697418,META,767.82
2025-10-16T20:19:45.708379,META,769.72
2025-10-16T20:19:45.722011,META,775.75
2025-10-16T20:19:45.732823,META,793.55
2025-10-16T20:19:45.745937,META,790.98
2025-10-16T20:19:45.777823,META,789.85
2025-10-16T20:19:45.788913,META,777.63
2025-10-16T20:19:45.799135,META,784.15
2025-10-16T20:19:45.809839,META,775.35
2025-10-16T20:19:45.820206,META,774.98
2025-10-16T20:19:45.830859,META,784.9
2025-10-16T20:19:45.843720,META,790.81
2025-10-16T20:19:45.853983,META,792.18
2025-10-16T20:19:45.866090,META,782.99
2025-10-16T20:19:45.876623,META,788.77
2025-10-16T20:19:45.887610,META,791.34
2025-10-16T20:19:45.897786,META,789.33
2025-10-16T20:19:45.908251,META,794.05
2025-10-16T20:19:45.919188,META,810.66
2025-10-16T20:19:45.929489,META,800.51
2025-10-16T20:19:45.940258,META,799.46
2025-10-16T20:19:45.950926,META,811.12
2025-10-16T20:19:45.961210,META,812.1
2025-10-16T20:19:45.973863,META,801.31
2025-10-16T20:19:45.985246,META,805.63
2025-10-16T20:19:45.995954,META,797.09
2025-10-16T20:19:46.007309,META,802.55
2025-10-16T20:19:46.018297,META,800.07
2025-10-16T20:19:46.028970,META,800.13
2025-10-16T20:19:46.039831,META,805.34
2025-10-16T20:19:46.050107,META,803.46
2025-10-16T20:19:46.060571,META,801.82
2025-10-16T20:19:46.071033,META,797.75
2025-10-16T20:19:46.081602,META,799.13
2025-10-16T20:19:46.091934,META,802.08
2025-10-16T20:19:46.102562,META,814.95
2025-10-16T20:19:46.112747,META,816.99
2025-10-16T20:19:46.123120,META,827.95
2025-10-16T20:19:46.177200,META,830.16
2025-10-16T20:19:46.187416,META,828.53
2025-10-16T20:19:46.197970,META,826.78
2025-10-16T20:19:46.222859,META,816.81
2025-10-16T20:19:46.234736,META,824.4
2025-10-16T20:19:46.245410,META,845.59
2025-10-16T20:19:46.255921,META,853.18
2025-10-16T20:19:46.266865,META,864.46
2025-10-16T20:19:46.277473,META,853.36
2025-10-16T20:19:46.288008,META,845.18
2025-10-16T20:19:46.298547,META,839.54
2025-10-16T20:19:46.309036,META,843.55
2025-10-16T20:19:46.319560,META,850.37
2025-10-16T20:19:46.330153,META,854.85
2025-10-16T20:19:46.340696,META,873.08
2025-10-16T20:19:46.352047,META,887.0
2025-10-16T20:19:46.363880,META,895.86
2025-10-16T20:19:46.374192,META,905.4
2025-10-16T20:19:46.385466,META,906.0
2025-10-16T20:19:46.396163,META,887.97
2025-10-16T20:19:46.407095,META,887.92
2025-10-16T20:19:46.418214,META,892.81
2025-10-16T20:19:46.428756,META,898.48
2025-10-16T20:19:46.438914,META,909.36
2025-10-16T20:19:46.449414,META,912.48
2025-10-16T20:19:46.459774,META,909.2
2025-10-16T20:19:46.470507,META,904.25
2025-10-16T20:19:46.481152,META,891.03
2025-10-16T20:19:46.491480,META,877.01
2025-10-16T20:19:46.501802,META,876.98
2025-10-16T20:19:46.512034,META,870.07
2025-10-16T20:19:46.522318,META,880.65
2025-10-16T20:19:46.532573,META,883.75
2025-10-16T20:19:46.543038,META,888.06
2025-10-16T20:19:46.553533,META,882.51
2025-10-16T20:19:46.564546,META,876.55
2025-10-16T20:19:46.576830,META,867.95
2025-10-16T20:19:46.587503,META,866.91
2025-10-16T20:19:46.598020,META,877.42
2025-10-16T20:19:46.608417,META,875.09
2025-10-16T20:19:46.619337,META,867.63
2025-10-16T20:19:46.630664,META,870.76
2025-10-16T20:19:46.641860,META,856.94
2025-10-16T20:19:46.652467,META,853.92
2025-10-16T20:19:46.663550,META,845.56
2025-10-16T20:19:46.674993,META,854.08
2025-10-16T20:19:46.691011,META,844.9
2025-10-16T20:19:46.701294,META,839.57
2025-10-16T20:19:46.711979,META,842.1
2025-10-16T20:19:46.722256,META,842.39
2025-10-16T20:19:46.732430,META,837.49
2025-10-16T20:19:46.743033,META,836.31
2025-10-16T20:19:46.753709,META,840.19
2025-10-16T20:19:46.764139,META,849.41
2025-10-16T20:19:46.774753,META,851.12
2025-10-16T20:19:46.786840,META,855.57
2025-10-16T20:19:46.798205,META,850.18
2025-10-16T20:19:46.808990,META,855.63
2025-10-16T20:19:46.819191,META,847.91
2025-10-16T20:19:46.830220,META,857.05
2025-10-16T20:19:46.841716,META,862.12
2025-10-16T20:19:46.852229,META,864.85
2025-10-16T20:19:46.863770,META,866.18
2025-10-16T20:19:46.875095,META,865.99
2025-10-16T20:19:46.886618,META,863.76
2025-10-16T20:19:46.897367,META,864.75
2025-10-16T20:19:46.909476,META,860.72
2025-10-16T20:19:46.919778,META,857.85
2025-10-16T20:19:46.930648,META,867.05
2025-10-16T20:19:46.941676,META,858.97
2025-10-16T20:19:46.952578,META,858.56
2025-10-16T20:19:46.964152,META,854.2
2025-10-16T20:19:46.975570,META,849.6
2025-10-16T20:19:46.986026,META,841.7
2025-10-16T20:19:46.996791,META,842.76
2025-10-16T20:19:47.008831,META,840.21
2025-10-16T20:19:47.020474,META,841.72
2025-10-16T20:19:47.031417,META,840.55
2025-10-16T20:19:47.042334,META,844.25
2025-10-16T20:19:47.052933,META,837.45
2025-10-16T20:19:47.064591,META,842.59
2025-10-16T20:19:47.075526,META,849.65
2025-10-16T20:19:47.086806,META,853.8
2025-10-16T20:19:47.098228,META,860.3
2025-10-16T20:19:47.108880,META,848.32
2025-10-16T20:19:47.119792,META,846.85
2025-10-16T20:19:47.134155,META,847.74
2025-10-16T20:19:47.144424,META,845.87
2025-10-16T20:19:47.154875,META,846.99
2025-10-16T20:19:47.166784,META,846.36
2025-10-16T20:19:47.179439,META,836.6
2025-10-16T20:19:47.190068,META,842.51
2025-10-16T20:19:47.200699,META,840.29
2025-10-16T20:19:47.212811,META,852.25
2025-10-16T20:19:47.223073,META,846.3
2025-10-16T20:19:47.234872,META,861.11
2025-10-16T20:19:47.245726,META,868.1
2025-10-16T20:19:47.256301,META,871.35
2025-10-16T20:19:47.266833,META,877.61
2025-10-16T20:19:47.277435,META,863.24
2025-10-16T20:19:47.288165,META,865.93
2025-10-16T20:19:47.298499,META,869.17
2025-10-16T20:19:47.308923,META,859.77
2025-10-16T20:19:47.319236,META,860.03
2025-10-16T20:19:47.331758,META,860.61
2025-10-16T20:19:47.342473,META,858.2
2025-10-16T20:19:47.353720,META,858.6
2025-10-16T20:19:47.365850,META,863.57
2025-10-16T20:19:47.376411,META,868.74
2025-10-16T20:19:47.387307,META,852.51
2025-10-16T20:19:47.397960,META,848.72
2025-10-16T20:19:47.409839,META,839.9
2025-10-16T20:19:47.420585,META,838.01
2025-10-16T20:19:47.431584,META,826.46
2025-10-16T20:19:47.442600,META,824.49
2025-10-16T20:19:47.454343,META,833.98
2025-10-16T20:19:47.465111,META,816.57
2025-10-16T20:19:47.476659,META,810.35
2025-10-16T20:19:47.486985,META,821.64
2025-10-16T20:19:47.498228,META,825.57
2025-10-16T20:19:47.508795,META,818.39
2025-10-16T20:19:47.520257,META,823.54
2025-10-16T20:19:47.531598,META,827.31
2025-10-16T20:19:47.541889,META,815.62
2025-10-16T20:19:47.553311,META,818.3
2025-10-16T20:19:47.564275,META,819.21
2025-10-16T20:19:47.575858,META,812.4
2025-10-16T20:19:47.588054,META,811.92
2025-10-16T20:19:47.598420,META,806.62
2025-10-16T20:19:47.609874,META,818.38
2025-10-16T20:19:47.620150,META,832.92
2025-10-16T20:19:47.631685,META,829.89
2025-10-16T20:19:47.641952,META,836.9
2025-10-16T20:19:47.652996,META,843.57
2025-10-16T20:19:47.663982,META,839.9
2025-10-16T20:19:47.674978,META,822.69
2025-10-16T20:19:47.686205,META,822.3
2025-10-16T20:19:47.697614,META,814.9
2025-10-16T20:19:47.709742,META,820.47
2025-10-16T20:19:47.720015,META,839.0
2025-10-16T20:19:47.731165,META,846.39
2025-10-16T20:19:47.742158,META,846.09
2025-10-16T20:19:47.753552,META,839.89
2025-10-16T20:19:47.763933,META,829.59
2025-10-16T20:19:47.774978,META,818.28
2025-10-16T20:19:47.786477,META,802.35
2025-10-16T20:19:47.798338,META,802.92
2025-10-16T20:19:47.809819,META,802.47
2025-10-16T20:19:47.820360,META,808.69
2025-10-16T20:19:47.831397,META,810.69
2025-10-16T20:19:47.841800,META,812.98
2025-10-16T20:19:47.852363,META,819.42
2025-10-16T20:19:47.865060,META,816.55
2025-10-16T20:19:47.875756,META,834.97
2025-10-16T20:19:47.886363,META,833.28
2025-10-16T20:19:47.897158,META,830.11
2025-10-16T20:19:47.908512,META,825.78
2025-10-16T20:19:47.921367,META,821.38
2025-10-16T20:19:47.931522,META,829.16
2025-10-16T20:19:47.942233,META,833.04
2025-10-16T20:19:47.952846,META,840.93
2025-10-16T20:19:47.964454,META,850.17
2025-10-16T20:19:47.975633,META,855.35
2025-10-16T20:19:47.986586,META,868.46
2025-10-16T20:19:47.998100,META,873.52
2025-10-16T20:19:48.008307,META,864.34
2025-10-16T20:19:48.019740,META,874.84
2025-10-16T20:19:48.031164,META,856.19
2025-10-16T20:19:48.042613,META,852.78
2025-10-16T20:19:48.053224,META,845.87
2025-10-16T20:19:48.065151,META,842.72
2025-10-16T20:19:48.075701,META,837.9
2025-10-16T20:19:48.086042,META,840.04
2025-10-16T20:19:48.098700,META,846.25
2025-10-16T20:19:48.109250,META,840.68
2025-10-16T20:19:48.119756,META,840.94
2025-10-16T20:19:48.131019,META,831.34
2025-10-16T20:19:48.142394,META,847.92
2025-10-16T20:19:48.153142,META,846.28
2025-10-16T20:19:48.164948,META,851.26
2025-10-16T20:19:48.175932,META,868.82
2025-10-16T20:19:48.186367,META,872.43
2025-10-16T20:19:48.197279,META,873.69
2025-10-16T20:19:48.209561,META,873.79
2025-10-16T20:19:48.220254,META,863.98
2025-10-16T20:19:48.231007,META,854.07
2025-10-16T20:19:48.241865,META,866.51
2025-10-16T20:19:48.253941,META,861.41
2025-10-16T20:19:48.264997,META,872.95
2025-10-16T20:19:48.275510,META,858.77
2025-10-16T20:19:48.286389,META,849.66
2025-10-16T20:19:48.298511,META,841.92
2025-10-16T20:19:48.309157,META,844.44
2025-10-16T20:19:48.319698,META,845.81
2025-10-16T20:19:48.331824,META,838.1
2025-10-16T20:19:48.342677,META,833.09
2025-10-16T20:19:48.353531,META,834.43
2025-10-16T20:19:48.365014,META,821.8
2025-10-16T20:19:48.375446,META,820.97
2025-10-16T20:19:48.386466,META,822.46
2025-10-16T20:19:48.398364,META,830.84
2025-10-16T20:19:48.409254,META,829.88
2025-10-16T20:19:48.419735,META,828.6
2025-10-16T20:19:48.431604,META,830.99
2025-10-16T20:19:48.442305,META,838.13
2025-10-16T20:19:48.453406,META,834.97
2025-10-16T20:19:48.464057,META,842.93
2025-10-16T20:19:48.475494,META,844.83
2025-10-16T20:19:48.486545,META,834.29
2025-10-16T20:19:48.497197,META,833.47
2025-10-16T20:19:48.509324,META,843.72
2025-10-16T20:19:48.520410,META,835.48
2025-10-16T20:19:48.531248,META,839.39
2025-10-16T20:19:48.542255,META,842.14
2025-10-16T20:19:48.553424,META,842.99
2025-10-16T20:19:48.564769,META,842.0
2025-10-16T20:19:48.575989,META,851.12
2025-10-16T20:19:48.586805,META,866.76
2025-10-16T20:19:48.598249,META,856.04
2025-10-16T20:19:48.608813,META,878.98
2025-10-16T20:19:48.619269,META,878.75
2025-10-16T20:19:48.631248,META,864.49
2025-10-16T20:19:48.642672,META,860.2
2025-10-16T20:19:48.653433,META,862.09
2025-10-16T20:19:48.664217,META,872.98
2025-10-16T20:19:48.675821,META,865.36
2025-10-16T20:19:48.686318,META,861.71
2025-10-16T20:19:48.698134,META,872.41
2025-10-16T20:19:48.712620,META,881.57
2025-10-16T20:19:48.722865,META,872.66
2025-10-16T20:19:48.733359,META,861.32
2025-10-16T20:19:48.744078,META,863.16
2025-10-16T20:19:48.754331,META,879.69
2025-10-16T20:19:48.764849,META,866.18
2025-10-16T20:19:48.775875,META,859.61
2025-10-16T20:19:48.786710,META,846.15
2025-10-16T20:19:48.798189,META,835.26
2025-10-16T20:19:48.809926,META,841.2
2025-10-16T20:19:48.820502,META,850.54
2025-10-16T20:19:48.831992,META,838.14
2025-10-16T20:19:48.842118,META,859.06
2025-10-16T20:19:48.853282,META,858.01
2025-10-16T20:19:48.864992,META,865.09
2025-10-16T20:19:48.875865,META,859.92
2025-10-16T20:19:48.886521,META,849.48
2025-10-16T20:19:48.897703,META,856.48
2025-10-16T20:19:48.908830,META,863.26
2025-10-16T20:19:48.919544,META,850.44
2025-10-16T20:19:48.930833,META,839.05
2025-10-16T20:19:48.941273,META,832.97
2025-10-16T20:19:48.952847,META,833.49
2025-10-16T20:19:48.964770,META,831.68
2025-10-16T20:19:48.975325,META,829.48
2025-10-16T20:19:48.986057,META,831.47
2025-10-16T20:19:48.999330,META,831.2
2025-10-16T20:19:49.009670,META,829.55
2025-10-16T20:19:49.019868,META,834.88
2025-10-16T20:19:49.031458,META,828.16
2025-10-16T20:19:49.041783,META,812.64
2025-10-16T20:19:49.053684,META,803.66
2025-10-16T20:19:49.064125,META,806.19
2025-10-16T20:19:49.074717,META,804.78
2025-10-16T20:19:49.087318,META,805.78
2025-10-16T20:19:49.098607,META,813.86
2025-10-16T20:19:49.108934,META,821.11
2025-10-16T20:19:49.121049,META,822.17
2025-10-16T20:19:49.131771,META,827.19
2025-10-16T20:19:49.142004,META,828.29
2025-10-16T20:19:49.153250,META,831.49
2025-10-16T20:19:49.164605,META,824.7
2025-10-16T20:19:49.175760,META,825.78
2025-10-16T20:19:49.186313,META,835.98
2025-10-16T20:19:49.199174,META,825.37
2025-10-16T20:19:49.209332,META,820.73
2025-10-16T20:19:49.219884,META,816.54
2025-10-16T20:19:49.232167,META,810.62
2025-10-16T20:19:49.242304,META,815.2
2025-10-16T20:19:49.253573,META,819.07
2025-10-16T20:19:49.263960,META,796.1
2025-10-16T20:19:49.275354,META,810.26
2025-10-16T20:19:49.286679,META,805.77
2025-10-16T20:19:49.297366,META,806.66
2025-10-16T20:19:49.309094,META,811.13
2025-10-16T20:19:49.319742,META,813.58
2025-10-16T20:19:49.330715,META,831.4
2025-10-16T20:19:49.342925,META,839.65
2025-10-16T20:19:49.353264,META,837.3
2025-10-16T20:19:49.364663,META,821.92
2025-10-16T20:19:49.375477,META,817.07
2025-10-16T20:19:49.386936,META,822.13
2025-10-16T20:19:49.397460,META,824.0
2025-10-16T20:19:49.408944,META,818.54
2025-10-16T20:19:49.420242,META,820.86
2025-10-16T20:19:49.430663,META,819.69
2025-10-16T20:19:49.442082,META,819.46
2025-10-16T20:19:49.453253,META,822.95
2025-10-16T20:19:49.464806,META,832.48
2025-10-16T20:19:49.475433,META,818.9
2025-10-16T20:19:49.487052,META,837.52
2025-10-16T20:19:49.497612,META,832.27
2025-10-16T20:19:49.508670,META,844.97
2025-10-16T20:19:49.520064,META,855.06
2025-10-16T20:19:49.530564,META,853.59
2025-10-16T20:19:49.541919,META,842.37
2025-10-16T20:19:49.552562,META,838.66
